Fa,Fs,beta,dim,isDynamic,isFock,mass2,massratio,order,partition,rs,spin,Σw,Σw.err,μ,μ.err
-0.0,-0.0,25.0,2,false,false,0.1,1.0,2,110,1.0,2,0.0,7.502635967975883e-12,0.09954465502786057,0.0009934586423049545
-0.0,-0.0,25.0,2,false,false,0.1,1.0,2,200,1.0,2,0.0063540208410644205,0.00012565667237310834,0.05094489428886936,0.003076533160750098
-0.0,-0.0,25.0,2,false,false,0.1,1.0,2,101,1.0,2,0.0,7.502635967975883e-12,-0.0,2.6666666666666676e-12
-0.0,-0.0,25.0,2,false,false,0.1,1.0,2,100,1.0,2,0.0,7.502635967975883e-12,0.19831705170525474,0.0015791270048857906
-0.0,-0.0,25.0,2,false,false,1.0,1.0,2,110,1.0,2,0.0,7.502635967975883e-12,0.5799585628863481,0.005430223590674042
-0.0,-0.0,25.0,2,false,false,1.0,1.0,2,200,1.0,2,0.2881670565293411,0.0037442394729527134,0.9742013751983594,0.03179654911958982
-0.0,-0.0,25.0,2,false,false,1.0,1.0,2,100,1.0,2,0.0,7.502635967975883e-12,1.2090064089410082,0.008457929765587405
-0.0,-0.0,25.0,2,false,false,1.0,1.0,2,101,1.0,2,0.0,7.502635967975883e-12,-0.0,2.6666666666666676e-12
